cellular_bc/cfg/cellular_bc.cfg
cellular_bc/cfg/cellular_measured.cfg
constr/tp_sub/cfg/bld_tp_sub.cfg
constr/adapt/cfg/g1d.cfg
constr/adapt/cfg/tim.cfg
constr/adapt/cfg/grd.cfg
constr/adapt/cfg/mst.cfg
constr/adapt/cfg/g3d.cfg
cellular_bound/cfg/cellular_bounded.cfg
cellular_miso/cfg/cellular_miso.cfg
basic/cfg/bld_basic.cfg
basic/cfg/bld_basic_tm1.cfg
basic/cfg/bld_basic_tm2.cfg
basic/cfg/bld_basic_gb3.cfg
basic/cfg/bld_basic_af2.cfg
basic/cfg/bld_basic_gb1.cfg
basic/cfg/bld_basic_prht.cfg
basic/cfg/bld_basic_shd.cfg
basic/cfg/bld_basic_af1.cfg
basic/cfg/bld_basic_gb2.cfg
3_windows/cfg/3_windows_do.cfg
3_windows/cfg/3_windows_do6.cfg
3_windows/cfg/3_windows.cfg
3_windows/cfg/3_windows_legacy.cfg
cellular_pv/cfg/cellular_pv.cfg
cellular_earth/cfg/cellular_earth.cfg
trombe_wall/cfg/trombe_wall_crack_ctl.cfg
trombe_wall/cfg/trombe_wall_crack.cfg
trombe_wall/cfg/trombe_wall.cfg
CFD_room/cfg/CFD_room_buoy.cfg
CFD_room/cfg/CFD_room_afn.cfg
CFD_room/cfg/CFD_room_blk.cfg
CFD_room/cfg/CFD_room1.cfg
CFD_room/cfg/CFD_room_src.cfg
CFD_room/cfg/CFD_room4.cfg
CFD_room/cfg/CFD_room.cfg
students/gas_he/ghx.cfg
students/cool_twr/ct.cfg
students/cool_coil/cc.cfg
students/liquid_he/lhx.cfg
cellular_natv/cfg/cellular_natv.cfg
sun_space/cfg/house_sum.cfg
sun_space/cfg/house_win.cfg
chp/sport_cen/cfg/sport_cen.cfg
chp/unit/cfg/unit.cfg
office/cfg/office_win.cfg
office/cfg/office_sum.cfg
acoustic/EOS_atrium/cfg/EOS_atrium.cfg
sunroom/cfg/sunroom.cfg
cellular_flh/cfg/cellular_flh.cfg
rad_room_heat/cfg/rad_rooms_heat.cfg
cellular_hvac/cfg/cellular_hvac.cfg
cellular_shd/cfg/cellular_shd.cfg
cg_ctl/coupling/cfg/coupling.cfg
cg_ctl/el_chrom/cfg/office.cfg
cg_ctl/daylit_coef/cfg/facade_5.cfg
cg_ctl/daylit_coef/cfg/facade_60.cfg
cg_ctl/static/cfg/cg_ctl.cfg
cellular_hires/cfg/cellular_hires.cfg
burdie/cfg/burdie.cfg
burdie/cfg/burdie_alt.cfg
cellular_cvvt/cfg/cellular_optst.cfg
cellular_cvvt/cfg/cellular_cvvt.cfg
cellular_cvvt/cfg/cellular_pi.cfg
cellular_cvvt/cfg/cellular_onoffpro.cfg
cellular_cvvt/cfg/cellular_vav.cfg
cellular_cvvt/cfg/cellular_master.cfg
cellular_cvvt/cfg/cellular_3pos.cfg
cellular_cvvt/cfg/cellular_onoff.cfg
office_vent/cfg/office_vent_netinf.cfg
office_vent/cfg/office_vent.cfg
office_vent/cfg/office_vent_ctl.cfg
office_vent/cfg/office_vent_netvent.cfg
plant/ahu/cfg/ahu.cfg
plant/ahu/cfg/ahu_reheat.cfg
plant/ahu/cfg/vent_recovery.cfg
plant/ahu/cfg/ahu_vav.cfg
plant/ahu/cfg/ahu_hum.cfg
plant/ac_pp/cfg/ac_PP.cfg
plant/hvac_vav/cfg/office1VAV.cfg
plant/vent_detailed/cfg/vent_det.cfg
plant/wch/cfg/wch.cfg
plant/mixed_ac_sys/cfg/ahuPP.cfg
plant/vent_simple/cfg/vent.cfg
plant/solar/cfg/systems.cfg
plant/coil_pp/cfg/coil_pp.cfg
plant/conv_ac_sys/cfg/heat.cfg
cfd/displ_vent/cfg/displ_vent.cfg
cfd/rad_htg/cfg/rad_htg_cfd.cfg
cfd/rad_htg/cfg/rad_htg.cfg
cfd/RoomVent98/conflated/cfg/ROOMVENT.cfg
cfd/IEA_A20/isotherm/cfg/dfs_iso.cfg
cfd/IEA_A20/nonisotherm/cfg/dfs_niso.cfg
cellular_furn/cfg/cellular_furn.cfg
Temporal_Clm/cfg/Temporal_Clm_Test.cfg
office_dfs/cfg/office_vent_dfs.cfg
office_dfs/cfg/office_vent.cfg
office_dfs/cfg/office_vent_dfs_conf.cfg
simple/cfg/bld_simple_fzy.cfg
simple/cfg/bld_simple_ufh.cfg
simple/cfg/bld_simple.cfg
simple/cfg/bld_simple_shd.cfg
el_chr_ctl/cfg/office.cfg
mould/cfg/mould.cfg
pid/cfg/pid.cfg
pid/cfg/pid.ss.cfg
cellular_contam/cfg/cellular_contam_mvctl.cfg
cellular_contam/cfg/cellular_offices_src.cfg
cellular_contam/cfg/cellular_contam_ho.cfg
cellular_contam/cfg/cellular_contam_bc.cfg
cellular_contam/cfg/cellular_contam_mv.cfg
cellular_hybrid/cfg/cellular_mctl.cfg
svph/cfg/linford.cfg
svph/cfg/linford_cht.cfg
pv_facade/cfg/elsa.cfg
flow/cfg/bld_flw_simp.cfg
flow/cfg/bld_flw_ctl.cfg
flow/cfg/bld_mech_ven_th.cfg
flow/cfg/bld_mech_ven.cfg
office_doctor/cfg/office_for_doctor.cfg
